Model,Accuracy,Macro F1,Precision,Recall,AUC
EfficientNetB0,0.868421052631579,0.8649684645498041,0.8680348062045843,0.8640047077133169,0.9566092891046726
SE-ResNet50,0.8666666666666667,0.864406458197716,0.8671851311892805,0.8620892925528687,0.9545483259017797
SE-ResNet50-DualMarginFMFLoss,0.8614035087719298,0.8598796642417401,0.8642413344526884,0.8566838871474634,0.952898774889343
VGG16,0.8596491228070176,0.856920856920857,0.8557881249408844,0.8584198054396729,0.9553383022641433
ResNet50,0.8543859649122807,0.8529874270581281,0.8555453642131009,0.8510426881287808,0.9516988337953186
CBAM-ResNet50,0.8526315789473684,0.8484042670511175,0.8537299977462248,0.8453542691953287,0.9478883210818151
SE-ResNet50-FMFLoss,0.8421052631578947,0.8396857773922956,0.8471019196144504,0.8347503387238486,0.9479444949785217
EfficientNetV2B0,0.8228070175438597,0.818090717299578,0.8196149251372445,0.8209024612998123,0.9421149353208893
DenseNet121,0.8210526315789474,0.8165466532980888,0.8175095282685657,0.8198552602526111,0.940774609542529
InceptionV3,0.8192982456140351,0.8126310984388588,0.8177811097165936,0.8126292364702961,0.9345547946970906
ConvNeXtTiny,0.8175438596491228,0.8130275815823689,0.8125692210991874,0.8137890310075742,0.9370841180319031
MobileNetV2,0.8122807017543859,0.8042487794364325,0.8154491759250516,0.7986102760937198,0.9341126900902424
